path	sha256	file
/usr/bin/cellular_manager	eab349a42927ecfd269b14d150ddd3e4aa91be57520db123b57b62fc004f4887	/usr/bin/cellular_manager: ELF 64-bit LSB executable, ARM aarch64, version 1 (SYSV), dynamically linked, interpreter /lib/ld-musl-aarch64.so.1, no section header
/usr/bin/gl_modem	28289d0ef6dc7a6e756680426673b56c2f8396ed77fbf2f34f5c67ffe702b25a	/usr/bin/gl_modem: ELF 64-bit LSB executable, ARM aarch64, version 1 (SYSV), dynamically linked, interpreter /lib/ld-musl-aarch64.so.1, no section header
/usr/bin/modem_AT	bd66dfd4e70402ff2828bee9bc9fb2fa1756289d2cd24d18938a9aee57821b66	/usr/bin/modem_AT: ELF 64-bit LSB executable, ARM aarch64, version 1 (SYSV), dynamically linked, interpreter /lib/ld-musl-aarch64.so.1, no section header
/usr/bin/qcm	cfa556d9f14cf41b61dca444ada1b41eec14024a6934f9c631f3b70773ea7ee8	/usr/bin/qcm: ELF 64-bit LSB executable, ARM aarch64, version 1 (SYSV), dynamically linked, interpreter /lib/ld-musl-aarch64.so.1, no section header
/usr/lib/libcm_modem.so	16d2c8b86420db037aed0b3bb9dfc6556d357fd8c174a36450d86b3d413575f5	/usr/lib/libcm_modem.so: ELF 64-bit LSB shared object, ARM aarch64, version 1 (SYSV), dynamically linked, no section header
/usr/lib/libcm_network.so	fcf9910905bd893b1f863d6816503243081b48883c6c13243174f434aa02d38f	/usr/lib/libcm_network.so: ELF 64-bit LSB shared object, ARM aarch64, version 1 (SYSV), dynamically linked, no section header
/usr/lib/libcm_sim.so	12dc73d6ed710148b1300a531d6498490c2d304602a6ba1d380ad3f137bdb17d	/usr/lib/libcm_sim.so: ELF 64-bit LSB shared object, ARM aarch64, version 1 (SYSV), dynamically linked, no section header
/usr/lib/libcm_sms.so	05d95a13f051424b2c43ed54d4454f6aa4389beffb8744da5aca6c4867191037	/usr/lib/libcm_sms.so: ELF 64-bit LSB shared object, ARM aarch64, version 1 (SYSV), dynamically linked, no section header
/usr/lib/libcmcm.so	ed44ac988a7df614bdf28ade9ba68b1ef417fcc64b205464d9b2098bb187166d	/usr/lib/libcmcm.so: ELF 64-bit LSB shared object, ARM aarch64, version 1 (SYSV), dynamically linked, no section header
/usr/lib/libcmcollect.so	292e1106681f06abd96ccdef6279f275c886749aef0d0ab90d34e01c577f2ec5	/usr/lib/libcmcollect.so: ELF 64-bit LSB shared object, ARM aarch64, version 1 (SYSV), dynamically linked, no section header
/usr/lib/libcmconfiguration_manager.so	92a57b70584068f98b8ec778f8589dc23c9c631a999cbacf86d68e8cd7815116	/usr/lib/libcmconfiguration_manager.so: ELF 64-bit LSB shared object, ARM aarch64, version 1 (SYSV), dynamically linked, no section header
/usr/lib/libcmdrive.so	f4bf9b1750f96da82f8ec7311d729c9d568bc384dcd4a592c84c23077050642b	/usr/lib/libcmdrive.so: ELF 64-bit LSB shared object, ARM aarch64, version 1 (SYSV), dynamically linked, no section header
/usr/lib/libcmevent.so	727eb3d4706225c825228c3c3ba074c42669eb16821b2e953f7bae45ebb7c70e	/usr/lib/libcmevent.so: ELF 64-bit LSB shared object, ARM aarch64, version 1 (SYSV), dynamically linked, no section header
/usr/lib/libcmfailover.so	75a4fd4676c515ae4e9b064a0d849f37971f86323b03492036cd6d7ecdca67d7	/usr/lib/libcmfailover.so: ELF 64-bit LSB shared object, ARM aarch64, version 1 (SYSV), dynamically linked, no section header
/usr/lib/libcmjson.so	7e3efb7526015e92ba12af23813fe5111e3ae882aea69553f4b724edd3f22f13	/usr/lib/libcmjson.so: ELF 64-bit LSB shared object, ARM aarch64, version 1 (SYSV), dynamically linked, no section header
/usr/lib/libcmstate_manager.so	a72ea2d1d568f3060324fa7c0d293d1a186c9ffac7c26834c2cd97713813e9d7	/usr/lib/libcmstate_manager.so: ELF 64-bit LSB shared object, ARM aarch64, version 1 (SYSV), dynamically linked, no section header
/usr/lib/libcmtimer.so	e78a43d130d96df22679abcc7e7ad9ee5b22f2665c40fa50357a5cf72ccbc4cf	/usr/lib/libcmtimer.so: ELF 64-bit LSB shared object, ARM aarch64, version 1 (SYSV), dynamically linked, no section header
/usr/lib/libcmutils.so	33f6c5d01b8a2e143a3ad601b42b6ec8a0e08aebddaff8260e3d30d36955c276	/usr/lib/libcmutils.so: ELF 64-bit LSB shared object, ARM aarch64, version 1 (SYSV), dynamically linked, no section header
/usr/lib/oui-httpd/rpc/modem.so	ed6bd09e2bc58887c0f6f5d0ac7a8d8ab6cd9a196d5da4669383874252672ddc	/usr/lib/oui-httpd/rpc/modem.so: ELF 64-bit LSB shared object, ARM aarch64, version 1 (SYSV), dynamically linked, no section header
