www/js/app.2154ceec.js.gz	d85b8cf6573572bbe4ba096a8c6f7043c7c2cd1df5541933c6b83192f05240c7
www/views/gl-sdk4-ui-acl-view.common.js.gz	ec4ea1da45cbc0894dcc24b189e0b7c3b4bd0c350a3c941c8ed8812a5ef43d0e
www/views/gl-sdk4-ui-adguardhome.common.js.gz	655501657acf9ec2d96daba3ccce79fbb4329dc235ad6a866a1fa2d8030a54f4
www/views/gl-sdk4-ui-admin-password.common.js.gz	964f713618110c4bd04298b8db7265665877dc8b5415abf2d4d8e7eef5606ffd
www/views/gl-sdk4-ui-advanced.common.js.gz	1f581efd840c6e0a35010d915c7c79bc2381af78e54ee86bd669dea5f50f9849
www/views/gl-sdk4-ui-astrowarp.common.js.gz	3cf7e8151279bb6c57a81daae642dd95d925dcc5e38ae3c7da2ec442ad123aa9
www/views/gl-sdk4-ui-bridge.common.js.gz	7c70457d352541a69279811278b2e104910ba32aa316414345f49886cc51b583
www/views/gl-sdk4-ui-btnsettings.common.js.gz	a787c5918a5fa106709c5298fc97cc2ef12adb23792c90be4f9f38f56c846e22
www/views/gl-sdk4-ui-clients.common.js.gz	6077897346bd242e2db31585f92bc98a142e1ee72e9241b8c42093d1474eded6
www/views/gl-sdk4-ui-cloud.common.js.gz	ec523e58e2bcf0f86abe3337aa07eea7bd61a87126116854df9637694710264a
www/views/gl-sdk4-ui-contentprotection.common.js.gz	c4ddfbb4d7457ee33016042554285e35e16944e359a10a32afddb12051f4af90
www/views/gl-sdk4-ui-dnsview.common.js.gz	89050c075f75ec9ece812cc3fd4232b266e86096c0572181ce948003d475e5e8
www/views/gl-sdk4-ui-dpifeatures.common.js.gz	7e04e3a0efb6eb30371efbef0cfd77447d097cb5174ba59a7093684e9b6abb3b
www/views/gl-sdk4-ui-dynamicdns.common.js.gz	cf41ff3c61d78d764a93ffc1c798ae9f1ff507d0c67268f0b6abc1f8ef04da14
www/views/gl-sdk4-ui-edgerouter.common.js.gz	7f8ddcb8ed6c501222211a82dd6eacdd642d878c144ac99a8753700c93338e7d
www/views/gl-sdk4-ui-firewallview.common.js.gz	9415190372bfc79eaf38470f5ffecdab911d5e3fbc81d32d450719e78bd37535
www/views/gl-sdk4-ui-flowstatistics.common.js.gz	e8a9e32d132abd6f55b864a5c9c2d8e82598f96b9215dcb6e29df0e1aa96c72f
www/views/gl-sdk4-ui-guestip.common.js.gz	c413aa6f5c54fbb1c8fac6ca8b05473fbd12189eb48bba75b7ff3565a5e3e642
www/views/gl-sdk4-ui-home.common.js.gz	be995fb70695de2eb0a7a11fd12f1530b47581fc47ecc80dd34dcdeb1e7e3d66
www/views/gl-sdk4-ui-igmp.common.js.gz	be1acc2f2addf66df171a63192f57999d0337b9bf2763ef651b1ebd9b8c8410e
www/views/gl-sdk4-ui-internet.common.js.gz	1cd828b0fe347883c1900e72b54f143885c9fd267e347a5a07584433fa7c1b6d
www/views/gl-sdk4-ui-iotip.common.js.gz	bfdd6c532cd498c60fc0d6d8542aefdc16f711fbb08312b2d67969bfae255cff
www/views/gl-sdk4-ui-ipv6.common.js.gz	bda54411593c7b48962b6350c0c5b7a2bc6d7583e6411be4e74555a822de78d8
www/views/gl-sdk4-ui-lanip.common.js.gz	98fb0df3ad0c68f3c70480e27a9f1ac8cfea3ec0af0087db41d0c66e83472d92
www/views/gl-sdk4-ui-login.common.js.gz	7b7142c98e44054f7cdbeca5b34ea14f3c69f8c95809fdaf9e711a5cc70323ac
www/views/gl-sdk4-ui-logview.common.js.gz	9283a7bf537daf361e3fe175c48913226dd684e9f0a23f4856df49fabeef550a
www/views/gl-sdk4-ui-management-control.common.js.gz	ab778e7cd9f3d3dbb1a48512b2a0198fe893ec9ff2bf0f841a81be449709960d
www/views/gl-sdk4-ui-multiwan.common.js.gz	5da96c29a6abd9ea4488dd292884fc215d36a5407293afc4784a02eb41d20317
www/views/gl-sdk4-ui-nasview.common.js.gz	3ffe97fdde6701aca0307f0d5dc0cb9668997730877ff5fd2f111c802cb3a3bb
www/views/gl-sdk4-ui-netadvanced.common.js.gz	27416d4cc7dca393867e3439528581d850d7603e8f8d4dbc71356cf19a83fa4e
www/views/gl-sdk4-ui-netnat.common.js.gz	06b99eea4334897a425a3236308bfedf3dcf7b3689a46c838acb5bfe46fa224c
www/views/gl-sdk4-ui-netport.common.js.gz	46f56be3c04e8b9f243f06fbf2c549e53ad71cdee1c636cc81bd7337d8476676
www/views/gl-sdk4-ui-overview.common.js.gz	b5377f55168a11e943c0aec14da1a968f399fb791a9ca0d864886a0bb7873697
www/views/gl-sdk4-ui-ovpnserver.common.js.gz	3f6f176c20d0df6d06d07b0a96f4b41bbf88c834f24d98f4a65e564fa77914d2
www/views/gl-sdk4-ui-parental-control.common.js.gz	41f770dead2a39188439e11425842290736edbdac6296487c9d6b528bccada49
www/views/gl-sdk4-ui-plugins.common.js.gz	3a2685bd8afc1edb8c5a5d88e6bbdbb3d2da16224e3d6e6fa6aecedafd419418
www/views/gl-sdk4-ui-process.common.js.gz	9fdaa201ec5574f0fed075a5f9c5ab2d49bd87c6b4cb2f96fcfd1fad8fff13d6
www/views/gl-sdk4-ui-qos.common.js.gz	84f5d0247a485a8fcc5b93908111744f670e8f5ed7bbc4bfd234231f82980075
www/views/gl-sdk4-ui-reset.common.js.gz	5bca4aa21c11bf70c4864e616254784dee49f1096fbde1bf51c37a35b10dc795
www/views/gl-sdk4-ui-sms.common.js.gz	5dff8b11f9021979c25ec6c0bcf1655e3d0082bd9e3f927564db424895132e76
www/views/gl-sdk4-ui-sqm.common.js.gz	9f615b4a88478ec147f98177d2735467acb71b9795e92e02c0898bb0a0e6587f
www/views/gl-sdk4-ui-tailscaleview.common.js.gz	ec4c1751141398e58b600e501ad2183c75e98028d48cfa018a20b33989da7cec
www/views/gl-sdk4-ui-timedtask.common.js.gz	fcc27b4388a4e6e8cfdd12a79ac809d1c6e6de34f9b72e5dd344c4a1ed4bd325
www/views/gl-sdk4-ui-timezone.common.js.gz	0a39290acd96d32be55b390987e57406b862962f18067e4b97e7ea5fdeae1505
www/views/gl-sdk4-ui-torview.common.js.gz	9db2c72244832043d217de4f3fc5eede829ffda7afa14b1b31c7b970f0705fd3
www/views/gl-sdk4-ui-upgrade.common.js.gz	cc4e82db549d598c7bb6f4a1707ac425002a8ebdc1a5cb72a377b1abca5babf8
www/views/gl-sdk4-ui-vpn-client.common.js.gz	03799e6c36d076b0e35aa669ba88c8762ee6fca3b4e49b3895b76c143d373467
www/views/gl-sdk4-ui-vpndashboard.common.js.gz	7dbed4b17c3a5174e8c50b9ce2bd42815b8ffc33341226c7311eecdd3a26ffad
www/views/gl-sdk4-ui-welcome.common.js.gz	b9328e6c78f7e764c20154ded6712555e9e4d543e6add28033a37ed231073fe7
www/views/gl-sdk4-ui-wgserver.common.js.gz	98ea5b82d272a02a6c53f84bab72cd3f68f20cb73e3a1b0bb434e01486f3ee14
www/views/gl-sdk4-ui-wireless.common.js.gz	2c21d5aecff0c9435e71f45cc42843541e84f019f96182c53bdb47cc98c03168
www/views/gl-sdk4-ui-zerotierview.common.js.gz	cb538140a6cff8814b05335636d29d9d0d23dc3ea68efd344f6e92c755483129
